CLOSED	5	000000010101011	0
CLOSED	5	000000010101101	0
CLOSED	5	000000100101011	0
CLOSED	5	000000100101101	0
CLOSED	5	000000100110101	0
CLOSED	5	000000101001011	0
CLOSED	5	000000101001101	0
CLOSED	5	000000101010011	0
CLOSED	5	000000101010101	0
CLOSED	5	000001000101011	0
CLOSED	5	000001000101101	0
CLOSED	5	000001000110101	0
CLOSED	5	000001001001011	0
CLOSED	5	000001001001101	0
CLOSED	5	000001001010011	0
CLOSED	5	000001001010101	0
CLOSED	5	000001001011001	0
CLOSED	5	000001001100101	0
CLOSED	5	000001010001011	0
CLOSED	5	000001010001101	0
CLOSED	5	000001010010011	0
CLOSED	5	000001010010101	0
CLOSED	5	000001010100011	0
CLOSED	5	000010000101011	0
CLOSED	5	000010000101101	0
CLOSED	5	000010001001011	0
CLOSED	5	000010001001101	0
CLOSED	5	000010001010011	0
CLOSED	5	000010001010101	0
CLOSED	5	000010001011001	0
CLOSED	5	000010001100101	0
CLOSED	5	000010001101001	0
CLOSED	5	000010010001011	0
CLOSED	5	000010010001101	0
UNKNOWN	5	000010010010011	35560	1
UNKNOWN	5	000010010010101	25163	1
CLOSED	5	000010010011001	0
CLOSED	5	000010010100011	0
CLOSED	5	000010010100101	0
CLOSED	5	000010010101001	0
CLOSED	5	000010011000101	0
CLOSED	5	000010100001011	0
CLOSED	5	000010100010011	0
CLOSED	5	000010100010101	0
CLOSED	5	000010100100011	0
CLOSED	5	000010100100101	0
CLOSED	5	000010101000011	0
CLOSED	5	000100010001011	0
UNKNOWN	5	000100010010011	53560	1
UNKNOWN	5	000100010010101	23361	1
CLOSED	5	000100010011001	0
CLOSED	5	000100010100011	0
CLOSED	5	000100010100101	0
UNKNOWN	5	000100100010011	53560	1
UNKNOWN	5	000100100010101	22263	1
UNKNOWN	5	000100100100011	35506	1
UNKNOWN	5	000100100100101	22516	1
UNKNOWN	5	000100100101001	22615	1
CLOSED	5	000100101000101	0
UNKNOWN	5	001001001001001	05356	1
CLOSED	6	000001001010111	0
CLOSED	6	000001001011011	0
CLOSED	6	000001001011101	0
CLOSED	6	000001001101011	0
CLOSED	6	000001001101101	0
CLOSED	6	000001001110101	0
CLOSED	6	000001010010111	0
CLOSED	6	000001010011011	0
CLOSED	6	000001010011101	0
CLOSED	6	000001010100111	0
CLOSED	6	000001010101011	0
CLOSED	6	000001010101101	0
CLOSED	6	000001010110011	0
CLOSED	6	000001010110101	0
CLOSED	6	000001011001011	0
CLOSED	6	000001011001101	0
CLOSED	6	000001011010011	0
CLOSED	6	000001100101011	0
CLOSED	6	000001101001011	0
CLOSED	6	000010001010111	0
CLOSED	6	000010001011011	0
CLOSED	6	000010001011101	0
CLOSED	6	000010001101011	0
CLOSED	6	000010001101101	0
CLOSED	6	000010001110101	0
CLOSED	6	000010010010111	0
CLOSED	6	000010010011011	0
CLOSED	6	000010010011101	0
CLOSED	6	000010010100111	0
CLOSED	6	000010010101011	0
CLOSED	6	000010010101101	0
CLOSED	6	000010010110011	0
CLOSED	6	000010010110101	0
CLOSED	6	000010010111001	0
CLOSED	6	000010011001011	0
CLOSED	6	000010011001101	0
CLOSED	6	000010011010011	0
CLOSED	6	000010011010101	0
CLOSED	6	000010011011001	0
CLOSED	6	000010011100101	0
CLOSED	6	000010100010111	0
CLOSED	6	000010100011011	0
CLOSED	6	000010100011101	0
CLOSED	6	000010100100111	0
CLOSED	6	000010100101011	0
CLOSED	6	000010100101101	0
CLOSED	6	000010100110011	0
CLOSED	6	000010100110101	0
CLOSED	6	000010101000111	0
CLOSED	6	000010101001011	0
CLOSED	6	000010101001101	0
CLOSED	6	000010101010011	0
CLOSED	6	000010101010101	0
CLOSED	6	000010101100011	0
CLOSED	6	000010110001011	0
CLOSED	6	000010110001101	0
CLOSED	6	000010110010011	0
CLOSED	6	000010110100011	0
CLOSED	6	000011000101011	0
CLOSED	6	000011001001011	0
CLOSED	6	000011001010011	0
CLOSED	6	000011010001011	0
CLOSED	6	000100010010111	0
CLOSED	6	000100010011011	0
CLOSED	6	000100010011101	0
CLOSED	6	000100010100111	0
CLOSED	6	000100010101011	0
CLOSED	6	000100010101101	0
CLOSED	6	000100010110011	0
CLOSED	6	000100011001011	0
CLOSED	6	000100100010111	0
CLOSED	6	000100100011011	0
CLOSED	6	000100100100111	0
UNKNOWN	6	000100100101011	355606	1
UNKNOWN	6	000100100101101	236163	1
CLOSED	6	000100100110011	0
UNKNOWN	6	000100100110101	236163	1
CLOSED	6	000100100111001	0
CLOSED	6	000100101000111	0
CLOSED	6	000100101001011	0
CLOSED	6	000100101001101	0
CLOSED	6	000100101010011	0
UNKNOWN	6	000100101010101	246163	1
UNKNOWN	6	000100101011001	356065	1
CLOSED	6	000100101100011	0
CLOSED	6	000100101100101	0
UNKNOWN	6	000100101101001	356065	1
CLOSED	6	000100110001011	0
CLOSED	6	000100110001101	0
CLOSED	6	000100110010011	0
CLOSED	6	000100110010101	0
CLOSED	6	000100110011001	0
CLOSED	6	000100110100011	0
CLOSED	6	000100110100101	0
CLOSED	6	000100111000101	0
CLOSED	6	000101000101011	0
CLOSED	6	000101000101101	0
CLOSED	6	000101000110011	0
CLOSED	6	000101001001011	0
CLOSED	6	000101001001101	0
CLOSED	6	000101001010011	0
CLOSED	6	000101001010101	0
CLOSED	6	000101001100011	0
CLOSED	6	000101001100101	0
CLOSED	6	000101010001011	0
CLOSED	6	000101010010011	0
CLOSED	6	000101010010101	0
CLOSED	6	000101010100011	0
CLOSED	6	000110010010011	0
UNKNOWN	6	001001001001011	233616	1
UNKNOWN	6	001001001010011	535506	1
UNKNOWN	6	001001001010101	225616	1
CLOSED	6	001001010010011	0
UNKNOWN	6	001001010010101	355065	1
CLOSED	6	001010010100101	0
CLOSED	7	000010100101111	0
CLOSED	7	000010100110111	0
CLOSED	7	000010100111011	0
CLOSED	7	000010100111101	0
CLOSED	7	000010101001111	0
CLOSED	7	000010101010111	0
CLOSED	7	000010101011011	0
CLOSED	7	000010101011101	0
CLOSED	7	000010101100111	0
CLOSED	7	000010101101011	0
CLOSED	7	000010101101101	0
CLOSED	7	000010101110011	0
CLOSED	7	000010101110101	0
CLOSED	7	000010110010111	0
CLOSED	7	000010110011011	0
CLOSED	7	000010110011101	0
CLOSED	7	000010110100111	0
CLOSED	7	000010110101011	0
CLOSED	7	000010110101101	0
CLOSED	7	000010110110011	0
CLOSED	7	000010111001011	0
CLOSED	7	000010111010011	0
CLOSED	7	000011001010111	0
CLOSED	7	000011001011011	0
CLOSED	7	000011001101011	0
CLOSED	7	000011010010111	0
CLOSED	7	000011010011011	0
CLOSED	7	000011010100111	0
CLOSED	7	000011010101011	0
CLOSED	7	000100100101111	0
CLOSED	7	000100100110111	0
CLOSED	7	000100100111011	0
CLOSED	7	000100100111101	0
CLOSED	7	000100101001111	0
CLOSED	7	000100101010111	0
CLOSED	7	000100101011011	0
CLOSED	7	000100101011101	0
CLOSED	7	000100101100111	0
CLOSED	7	000100101101011	0
CLOSED	7	000100101101101	0
CLOSED	7	000100101110011	0
CLOSED	7	000100101110101	0
CLOSED	7	000100101111001	0
CLOSED	7	000100110010111	0
CLOSED	7	000100110011011	0
CLOSED	7	000100110011101	0
CLOSED	7	000100110100111	0
CLOSED	7	000100110101011	0
CLOSED	7	000100110101101	0
CLOSED	7	000100110110011	0
CLOSED	7	000100110110101	0
CLOSED	7	000100110111001	0
CLOSED	7	000100111001011	0
CLOSED	7	000100111001101	0
CLOSED	7	000100111010011	0
CLOSED	7	000100111010101	0
CLOSED	7	000100111100101	0
CLOSED	7	000101000101111	0
CLOSED	7	000101000110111	0
CLOSED	7	000101001001111	0
CLOSED	7	000101001010111	0
CLOSED	7	000101001011011	0
CLOSED	7	000101001011101	0
CLOSED	7	000101001100111	0
CLOSED	7	000101001101011	0
CLOSED	7	000101001101101	0
CLOSED	7	000101001110011	0
CLOSED	7	000101001110101	0
CLOSED	7	000101010001111	0
CLOSED	7	000101010010111	0
CLOSED	7	000101010011011	0
CLOSED	7	000101010011101	0
CLOSED	7	000101010100111	0
CLOSED	7	000101010101011	0
CLOSED	7	000101010101101	0
CLOSED	7	000101010110011	0
UNKNOWN	7	000101010110101	3660663	1
CLOSED	7	000101011000111	0
CLOSED	7	000101011001011	0
CLOSED	7	000101011001101	0
CLOSED	7	000101011010011	0
CLOSED	7	000101011100011	0
CLOSED	7	000101100010111	0
CLOSED	7	000101100011011	0
CLOSED	7	000101100011101	0
CLOSED	7	000101100100111	0
CLOSED	7	000101100101011	0
CLOSED	7	000101100101101	0
CLOSED	7	000101100110011	0
CLOSED	7	000101101000111	0
CLOSED	7	000101101001011	0
CLOSED	7	000101101010011	0
CLOSED	7	000101101100011	0
CLOSED	7	000101110010011	0
CLOSED	7	000101110100011	0
CLOSED	7	000110001101011	0
CLOSED	7	000110010010111	0
CLOSED	7	000110010011011	0
CLOSED	7	000110010100111	0
CLOSED	7	000110010101011	0
CLOSED	7	000110010110011	0
CLOSED	7	000110011001011	0
CLOSED	7	000110100100111	0
CLOSED	7	000110100101011	0
CLOSED	7	001001001001111	0
CLOSED	7	001001001010111	0
CLOSED	7	001001001011011	0
CLOSED	7	001001001011101	0
CLOSED	7	001001001100111	0
CLOSED	7	001001001101011	0
CLOSED	7	001001010010111	0
CLOSED	7	001001010011011	0
CLOSED	7	001001010011101	0
CLOSED	7	001001010100111	0
CLOSED	7	001001010101011	0
UNKNOWN	7	001001010101101	3556065	1
CLOSED	7	001001010110011	0
UNKNOWN	7	001001010110101	3556065	1
CLOSED	7	001001011001011	0
CLOSED	7	001001011001101	0
CLOSED	7	001001011010011	0
CLOSED	7	001001100100111	0
CLOSED	7	001001100101011	0
CLOSED	7	001001100110011	0
CLOSED	7	001001101001011	0
CLOSED	7	001010010100111	0
CLOSED	7	001010010101011	0
CLOSED	7	001010010101101	0
CLOSED	7	001010010110011	0
CLOSED	7	001010011001011	0
CLOSED	7	001010100101011	0
CLOSED	7	001010100101101	0
CLOSED	7	001010100110011	0
CLOSED	7	001010101001011	0
CLOSED	7	001010101010011	0
CLOSED	7	001010101010101	0
CLOSED	8	001001010011111	0
CLOSED	8	001001010101111	0
CLOSED	8	001001010110111	0
CLOSED	8	001001010111011	0
CLOSED	8	001001010111101	0
CLOSED	8	001001011001111	0
CLOSED	8	001001011010111	0
CLOSED	8	001001011011011	0
CLOSED	8	001001011011101	0
CLOSED	8	001001011100111	0
CLOSED	8	001001011101011	0
CLOSED	8	001001011110011	0
CLOSED	8	001001100101111	0
CLOSED	8	001001100110111	0
CLOSED	8	001001100111011	0
CLOSED	8	001001101001111	0
CLOSED	8	001001101010111	0
CLOSED	8	001001101011011	0
CLOSED	8	001001101100111	0
CLOSED	8	001001110010111	0
CLOSED	8	001010010101111	0
CLOSED	8	001010010110111	0
CLOSED	8	001010010111011	0
CLOSED	8	001010010111101	0
CLOSED	8	001010011001111	0
CLOSED	8	001010011010111	0
CLOSED	8	001010011011011	0
CLOSED	8	001010011100111	0
CLOSED	8	001010100101111	0
CLOSED	8	001010100110111	0
CLOSED	8	001010101001111	0
CLOSED	8	001010101010111	0
CLOSED	8	001010101011011	0
CLOSED	8	001010101011101	0
CLOSED	8	001010101100111	0
CLOSED	8	001010101101011	0
CLOSED	8	001010101101101	0
CLOSED	8	001010101110011	0
CLOSED	8	001010101110101	0
CLOSED	8	001010110010111	0
CLOSED	8	001010110011011	0
CLOSED	8	001010110011101	0
CLOSED	8	001010110100111	0
CLOSED	8	001010110101011	0
CLOSED	8	001010110101101	0
CLOSED	8	001010110110011	0
CLOSED	8	001010110110101	0
CLOSED	8	001010111001011	0
CLOSED	8	001010111001101	0
CLOSED	8	001010111010011	0
CLOSED	8	001011001011011	0
CLOSED	8	001011001011101	0
CLOSED	8	001011001100111	0
CLOSED	8	001011001101011	0
CLOSED	8	001011001101101	0
CLOSED	8	001011001110011	0
CLOSED	8	001011010010111	0
CLOSED	8	001011010011011	0
CLOSED	8	001011010101011	0
CLOSED	8	001011010101101	0
CLOSED	8	001011010110011	0
CLOSED	8	001011011010011	0
CLOSED	8	001011100110011	0
CLOSED	8	001100110011011	0
CLOSED	8	001100110101011	0
CLOSED	8	001101010101011	0
CLOSED	8	010101010101011	0
