orbit	5	000000000011111	NEGATIVE_CYCLE
orbit	5	000000000101111	NEGATIVE_CYCLE
orbit	5	000000000110111	NEGATIVE_CYCLE
orbit	5	000000001001111	NEGATIVE_CYCLE
orbit	5	000000001010111	NEGATIVE_CYCLE
orbit	5	000000001011011	NEGATIVE_CYCLE
orbit	5	000000001011101	NEGATIVE_CYCLE
orbit	5	000000001100111	NEGATIVE_CYCLE
orbit	5	000000001101011	NEGATIVE_CYCLE
orbit	5	000000010001111	NEGATIVE_CYCLE
orbit	5	000000010010111	NEGATIVE_CYCLE
orbit	5	000000010011011	NEGATIVE_CYCLE
orbit	5	000000010011101	NEGATIVE_CYCLE
orbit	5	000000010100111	NEGATIVE_CYCLE
orbit	5	000000010101011	UNKNOWN
orbit	5	000000010101101	UNKNOWN
orbit	5	000000010110011	NEGATIVE_CYCLE
orbit	5	000000011000111	NEGATIVE_CYCLE
orbit	5	000000011001011	NEGATIVE_CYCLE
orbit	5	000000100001111	NEGATIVE_CYCLE
orbit	5	000000100010111	NEGATIVE_CYCLE
orbit	5	000000100011011	NEGATIVE_CYCLE
orbit	5	000000100011101	NEGATIVE_CYCLE
orbit	5	000000100100111	NEGATIVE_CYCLE
orbit	5	000000100101011	UNKNOWN
orbit	5	000000100101101	UNKNOWN
orbit	5	000000100110011	NEGATIVE_CYCLE
orbit	5	000000100110101	UNKNOWN
orbit	5	000000100111001	NEGATIVE_CYCLE
orbit	5	000000101000111	NEGATIVE_CYCLE
orbit	5	000000101001011	UNKNOWN
orbit	5	000000101001101	UNKNOWN
orbit	5	000000101010011	UNKNOWN
orbit	5	000000101010101	UNKNOWN
orbit	5	000000101100011	NEGATIVE_CYCLE
orbit	5	000000110000111	NEGATIVE_CYCLE
orbit	5	000000110001011	NEGATIVE_CYCLE
orbit	5	000000110010011	NEGATIVE_CYCLE
orbit	5	000001000001111	NEGATIVE_CYCLE
orbit	5	000001000010111	NEGATIVE_CYCLE
orbit	5	000001000011011	NEGATIVE_CYCLE
orbit	5	000001000011101	NEGATIVE_CYCLE
orbit	5	000001000100111	NEGATIVE_CYCLE
orbit	5	000001000101011	UNKNOWN
orbit	5	000001000101101	UNKNOWN
orbit	5	000001000110011	NEGATIVE_CYCLE
orbit	5	000001000110101	UNKNOWN
orbit	5	000001000111001	NEGATIVE_CYCLE
orbit	5	000001001000111	NEGATIVE_CYCLE
orbit	5	000001001001011	UNKNOWN
orbit	5	000001001001101	UNKNOWN
orbit	5	000001001010011	UNKNOWN
orbit	5	000001001010101	UNKNOWN
orbit	5	000001001011001	UNKNOWN
orbit	5	000001001100011	NEGATIVE_CYCLE
orbit	5	000001001100101	UNKNOWN
orbit	5	000001010000111	NEGATIVE_CYCLE
orbit	5	000001010001011	UNKNOWN
orbit	5	000001010001101	UNKNOWN
orbit	5	000001010010011	UNKNOWN
orbit	5	000001010010101	UNKNOWN
orbit	5	000001010100011	UNKNOWN
orbit	5	000001011000011	NEGATIVE_CYCLE
orbit	5	000001100000111	NEGATIVE_CYCLE
orbit	5	000001100001011	NEGATIVE_CYCLE
orbit	5	000001100010011	NEGATIVE_CYCLE
orbit	5	000010000100111	NEGATIVE_CYCLE
orbit	5	000010000101011	UNKNOWN
orbit	5	000010000101101	UNKNOWN
orbit	5	000010000110011	NEGATIVE_CYCLE
orbit	5	000010001000111	NEGATIVE_CYCLE
orbit	5	000010001001011	UNKNOWN
orbit	5	000010001001101	UNKNOWN
orbit	5	000010001010011	UNKNOWN
orbit	5	000010001010101	UNKNOWN
orbit	5	000010001011001	UNKNOWN
orbit	5	000010001100011	NEGATIVE_CYCLE
orbit	5	000010001100101	UNKNOWN
orbit	5	000010001101001	UNKNOWN
orbit	5	000010001110001	NEGATIVE_CYCLE
orbit	5	000010010000111	NEGATIVE_CYCLE
orbit	5	000010010001011	UNKNOWN
orbit	5	000010010001101	UNKNOWN
orbit	5	000010010010011	UNKNOWN
orbit	5	000010010010101	UNKNOWN
orbit	5	000010010011001	UNKNOWN
orbit	5	000010010100011	UNKNOWN
orbit	5	000010010100101	UNKNOWN
orbit	5	000010010101001	UNKNOWN
orbit	5	000010011000011	NEGATIVE_CYCLE
orbit	5	000010011000101	UNKNOWN
orbit	5	000010100001011	UNKNOWN
orbit	5	000010100010011	UNKNOWN
orbit	5	000010100010101	UNKNOWN
orbit	5	000010100100011	UNKNOWN
orbit	5	000010100100101	UNKNOWN
orbit	5	000010101000011	UNKNOWN
orbit	5	000011000100011	NEGATIVE_CYCLE
orbit	5	000100010001011	UNKNOWN
orbit	5	000100010010011	UNKNOWN
orbit	5	000100010010101	UNKNOWN
orbit	5	000100010011001	UNKNOWN
orbit	5	000100010100011	UNKNOWN
orbit	5	000100010100101	UNKNOWN
orbit	5	000100100010011	UNKNOWN
orbit	5	000100100010101	UNKNOWN
orbit	5	000100100100011	UNKNOWN
orbit	5	000100100100101	UNKNOWN
orbit	5	000100100101001	UNKNOWN
orbit	5	000100101000101	UNKNOWN
orbit	5	001001001001001	UNKNOWN
inner=5 outer=10 total=111 analytic=0 graph=51 UNKNOWN=60
orbit	6	000000000111111	NEGATIVE_CYCLE
orbit	6	000000001011111	NEGATIVE_CYCLE
orbit	6	000000001101111	NEGATIVE_CYCLE
orbit	6	000000001110111	NEGATIVE_CYCLE
orbit	6	000000010011111	NEGATIVE_CYCLE
orbit	6	000000010101111	NEGATIVE_CYCLE
orbit	6	000000010110111	NEGATIVE_CYCLE
orbit	6	000000010111011	NEGATIVE_CYCLE
orbit	6	000000010111101	NEGATIVE_CYCLE
orbit	6	000000011001111	NEGATIVE_CYCLE
orbit	6	000000011010111	NEGATIVE_CYCLE
orbit	6	000000011011011	NEGATIVE_CYCLE
orbit	6	000000011100111	NEGATIVE_CYCLE
orbit	6	000000100011111	NEGATIVE_CYCLE
orbit	6	000000100101111	NEGATIVE_CYCLE
orbit	6	000000100110111	NEGATIVE_CYCLE
orbit	6	000000100111011	NEGATIVE_CYCLE
orbit	6	000000100111101	NEGATIVE_CYCLE
orbit	6	000000101001111	NEGATIVE_CYCLE
orbit	6	000000101010111	NEGATIVE_CYCLE
orbit	6	000000101011011	NEGATIVE_CYCLE
orbit	6	000000101011101	NEGATIVE_CYCLE
orbit	6	000000101100111	NEGATIVE_CYCLE
orbit	6	000000101101011	NEGATIVE_CYCLE
orbit	6	000000101101101	NEGATIVE_CYCLE
orbit	6	000000101110011	NEGATIVE_CYCLE
orbit	6	000000110001111	NEGATIVE_CYCLE
orbit	6	000000110010111	NEGATIVE_CYCLE
orbit	6	000000110011011	NEGATIVE_CYCLE
orbit	6	000000110100111	NEGATIVE_CYCLE
orbit	6	000000110101011	NEGATIVE_CYCLE
orbit	6	000000111000111	NEGATIVE_CYCLE
orbit	6	000001000011111	NEGATIVE_CYCLE
orbit	6	000001000101111	NEGATIVE_CYCLE
orbit	6	000001000110111	NEGATIVE_CYCLE
orbit	6	000001000111011	NEGATIVE_CYCLE
orbit	6	000001000111101	NEGATIVE_CYCLE
orbit	6	000001001001111	NEGATIVE_CYCLE
orbit	6	000001001010111	UNKNOWN
orbit	6	000001001011011	UNKNOWN
orbit	6	000001001011101	UNKNOWN
orbit	6	000001001100111	NEGATIVE_CYCLE
orbit	6	000001001101011	UNKNOWN
orbit	6	000001001101101	UNKNOWN
orbit	6	000001001110011	NEGATIVE_CYCLE
orbit	6	000001001110101	UNKNOWN
orbit	6	000001001111001	NEGATIVE_CYCLE
orbit	6	000001010001111	NEGATIVE_CYCLE
orbit	6	000001010010111	UNKNOWN
orbit	6	000001010011011	UNKNOWN
orbit	6	000001010011101	UNKNOWN
orbit	6	000001010100111	UNKNOWN
orbit	6	000001010101011	UNKNOWN
orbit	6	000001010101101	UNKNOWN
orbit	6	000001010110011	UNKNOWN
orbit	6	000001010110101	UNKNOWN
orbit	6	000001011000111	NEGATIVE_CYCLE
orbit	6	000001011001011	UNKNOWN
orbit	6	000001011001101	UNKNOWN
orbit	6	000001011010011	UNKNOWN
orbit	6	000001011100011	NEGATIVE_CYCLE
orbit	6	000001100001111	NEGATIVE_CYCLE
orbit	6	000001100010111	NEGATIVE_CYCLE
orbit	6	000001100011011	NEGATIVE_CYCLE
orbit	6	000001100100111	NEGATIVE_CYCLE
orbit	6	000001100101011	UNKNOWN
orbit	6	000001100110011	NEGATIVE_CYCLE
orbit	6	000001101000111	NEGATIVE_CYCLE
orbit	6	000001101001011	UNKNOWN
orbit	6	000001110000111	NEGATIVE_CYCLE
orbit	6	000010000101111	NEGATIVE_CYCLE
orbit	6	000010000110111	NEGATIVE_CYCLE
orbit	6	000010001001111	NEGATIVE_CYCLE
orbit	6	000010001010111	UNKNOWN
orbit	6	000010001011011	UNKNOWN
orbit	6	000010001011101	UNKNOWN
orbit	6	000010001100111	NEGATIVE_CYCLE
orbit	6	000010001101011	UNKNOWN
orbit	6	000010001101101	UNKNOWN
orbit	6	000010001110011	NEGATIVE_CYCLE
orbit	6	000010001110101	UNKNOWN
orbit	6	000010001111001	NEGATIVE_CYCLE
orbit	6	000010010001111	NEGATIVE_CYCLE
orbit	6	000010010010111	UNKNOWN
orbit	6	000010010011011	UNKNOWN
orbit	6	000010010011101	UNKNOWN
orbit	6	000010010100111	UNKNOWN
orbit	6	000010010101011	UNKNOWN
orbit	6	000010010101101	UNKNOWN
orbit	6	000010010110011	UNKNOWN
orbit	6	000010010110101	UNKNOWN
orbit	6	000010010111001	UNKNOWN
orbit	6	000010011000111	NEGATIVE_CYCLE
orbit	6	000010011001011	UNKNOWN
orbit	6	000010011001101	UNKNOWN
orbit	6	000010011010011	UNKNOWN
orbit	6	000010011010101	UNKNOWN
orbit	6	000010011011001	UNKNOWN
orbit	6	000010011100011	NEGATIVE_CYCLE
orbit	6	000010011100101	UNKNOWN
orbit	6	000010100001111	NEGATIVE_CYCLE
orbit	6	000010100010111	UNKNOWN
orbit	6	000010100011011	UNKNOWN
orbit	6	000010100011101	UNKNOWN
orbit	6	000010100100111	UNKNOWN
orbit	6	000010100101011	UNKNOWN
orbit	6	000010100101101	UNKNOWN
orbit	6	000010100110011	UNKNOWN
orbit	6	000010100110101	UNKNOWN
orbit	6	000010101000111	UNKNOWN
orbit	6	000010101001011	UNKNOWN
orbit	6	000010101001101	UNKNOWN
orbit	6	000010101010011	UNKNOWN
orbit	6	000010101010101	UNKNOWN
orbit	6	000010101100011	UNKNOWN
orbit	6	000010110000111	NEGATIVE_CYCLE
orbit	6	000010110001011	UNKNOWN
orbit	6	000010110001101	UNKNOWN
orbit	6	000010110010011	UNKNOWN
orbit	6	000010110100011	UNKNOWN
orbit	6	000010111000011	NEGATIVE_CYCLE
orbit	6	000011000011011	NEGATIVE_CYCLE
orbit	6	000011000100111	NEGATIVE_CYCLE
orbit	6	000011000101011	UNKNOWN
orbit	6	000011000110011	NEGATIVE_CYCLE
orbit	6	000011001000111	NEGATIVE_CYCLE
orbit	6	000011001001011	UNKNOWN
orbit	6	000011001010011	UNKNOWN
orbit	6	000011010001011	UNKNOWN
orbit	6	000100010001111	NEGATIVE_CYCLE
orbit	6	000100010010111	UNKNOWN
orbit	6	000100010011011	UNKNOWN
orbit	6	000100010011101	UNKNOWN
orbit	6	000100010100111	UNKNOWN
orbit	6	000100010101011	UNKNOWN
orbit	6	000100010101101	UNKNOWN
orbit	6	000100010110011	UNKNOWN
orbit	6	000100011000111	NEGATIVE_CYCLE
orbit	6	000100011001011	UNKNOWN
orbit	6	000100100010111	UNKNOWN
orbit	6	000100100011011	UNKNOWN
orbit	6	000100100100111	UNKNOWN
orbit	6	000100100101011	UNKNOWN
orbit	6	000100100101101	UNKNOWN
orbit	6	000100100110011	UNKNOWN
orbit	6	000100100110101	UNKNOWN
orbit	6	000100100111001	UNKNOWN
orbit	6	000100101000111	UNKNOWN
orbit	6	000100101001011	UNKNOWN
orbit	6	000100101001101	UNKNOWN
orbit	6	000100101010011	UNKNOWN
orbit	6	000100101010101	UNKNOWN
orbit	6	000100101011001	UNKNOWN
orbit	6	000100101100011	UNKNOWN
orbit	6	000100101100101	UNKNOWN
orbit	6	000100101101001	UNKNOWN
orbit	6	000100110001011	UNKNOWN
orbit	6	000100110001101	UNKNOWN
orbit	6	000100110010011	UNKNOWN
orbit	6	000100110010101	UNKNOWN
orbit	6	000100110011001	UNKNOWN
orbit	6	000100110100011	UNKNOWN
orbit	6	000100110100101	UNKNOWN
orbit	6	000100111000101	UNKNOWN
orbit	6	000101000101011	UNKNOWN
orbit	6	000101000101101	UNKNOWN
orbit	6	000101000110011	UNKNOWN
orbit	6	000101001001011	UNKNOWN
orbit	6	000101001001101	UNKNOWN
orbit	6	000101001010011	UNKNOWN
orbit	6	000101001010101	UNKNOWN
orbit	6	000101001100011	UNKNOWN
orbit	6	000101001100101	UNKNOWN
orbit	6	000101010001011	UNKNOWN
orbit	6	000101010010011	UNKNOWN
orbit	6	000101010010101	UNKNOWN
orbit	6	000101010100011	UNKNOWN
orbit	6	000110001100011	NEGATIVE_CYCLE
orbit	6	000110010010011	UNKNOWN
orbit	6	001001001001011	UNKNOWN
orbit	6	001001001010011	UNKNOWN
orbit	6	001001001010101	UNKNOWN
orbit	6	001001010010011	UNKNOWN
orbit	6	001001010010101	UNKNOWN
orbit	6	001010010100101	UNKNOWN
inner=6 outer=9 total=185 analytic=0 graph=70 UNKNOWN=115
orbit	7	000000001111111	NEGATIVE_CYCLE
orbit	7	000000010111111	NEGATIVE_CYCLE
orbit	7	000000011011111	NEGATIVE_CYCLE
orbit	7	000000011101111	NEGATIVE_CYCLE
orbit	7	000000100111111	NEGATIVE_CYCLE
orbit	7	000000101011111	NEGATIVE_CYCLE
orbit	7	000000101101111	NEGATIVE_CYCLE
orbit	7	000000101110111	NEGATIVE_CYCLE
orbit	7	000000101111011	NEGATIVE_CYCLE
orbit	7	000000101111101	NEGATIVE_CYCLE
orbit	7	000000110011111	NEGATIVE_CYCLE
orbit	7	000000110101111	NEGATIVE_CYCLE
orbit	7	000000110110111	NEGATIVE_CYCLE
orbit	7	000000110111011	NEGATIVE_CYCLE
orbit	7	000000111001111	NEGATIVE_CYCLE
orbit	7	000000111010111	NEGATIVE_CYCLE
orbit	7	000001000111111	NEGATIVE_CYCLE
orbit	7	000001001011111	NEGATIVE_CYCLE
orbit	7	000001001101111	NEGATIVE_CYCLE
orbit	7	000001001110111	NEGATIVE_CYCLE
orbit	7	000001001111011	NEGATIVE_CYCLE
orbit	7	000001001111101	NEGATIVE_CYCLE
orbit	7	000001010011111	NEGATIVE_CYCLE
orbit	7	000001010101111	NEGATIVE_CYCLE
orbit	7	000001010110111	NEGATIVE_CYCLE
orbit	7	000001010111011	NEGATIVE_CYCLE
orbit	7	000001010111101	NEGATIVE_CYCLE
orbit	7	000001011001111	NEGATIVE_CYCLE
orbit	7	000001011010111	NEGATIVE_CYCLE
orbit	7	000001011011011	NEGATIVE_CYCLE
orbit	7	000001011011101	NEGATIVE_CYCLE
orbit	7	000001011100111	NEGATIVE_CYCLE
orbit	7	000001011101011	NEGATIVE_CYCLE
orbit	7	000001011110011	NEGATIVE_CYCLE
orbit	7	000001100011111	NEGATIVE_CYCLE
orbit	7	000001100101111	NEGATIVE_CYCLE
orbit	7	000001100110111	NEGATIVE_CYCLE
orbit	7	000001100111011	NEGATIVE_CYCLE
orbit	7	000001101001111	NEGATIVE_CYCLE
orbit	7	000001101010111	NEGATIVE_CYCLE
orbit	7	000001101011011	NEGATIVE_CYCLE
orbit	7	000001101100111	NEGATIVE_CYCLE
orbit	7	000001110001111	NEGATIVE_CYCLE
orbit	7	000001110010111	NEGATIVE_CYCLE
orbit	7	000010000111111	NEGATIVE_CYCLE
orbit	7	000010001011111	NEGATIVE_CYCLE
orbit	7	000010001101111	NEGATIVE_CYCLE
orbit	7	000010001110111	NEGATIVE_CYCLE
orbit	7	000010001111011	NEGATIVE_CYCLE
orbit	7	000010001111101	NEGATIVE_CYCLE
orbit	7	000010010011111	NEGATIVE_CYCLE
orbit	7	000010010101111	NEGATIVE_CYCLE
orbit	7	000010010110111	NEGATIVE_CYCLE
orbit	7	000010010111011	NEGATIVE_CYCLE
orbit	7	000010010111101	NEGATIVE_CYCLE
orbit	7	000010011001111	NEGATIVE_CYCLE
orbit	7	000010011010111	NEGATIVE_CYCLE
orbit	7	000010011011011	NEGATIVE_CYCLE
orbit	7	000010011011101	NEGATIVE_CYCLE
orbit	7	000010011100111	NEGATIVE_CYCLE
orbit	7	000010011101011	NEGATIVE_CYCLE
orbit	7	000010011101101	NEGATIVE_CYCLE
orbit	7	000010011110011	NEGATIVE_CYCLE
orbit	7	000010011110101	NEGATIVE_CYCLE
orbit	7	000010011111001	NEGATIVE_CYCLE
orbit	7	000010100011111	NEGATIVE_CYCLE
orbit	7	000010100101111	UNKNOWN
orbit	7	000010100110111	UNKNOWN
orbit	7	000010100111011	UNKNOWN
orbit	7	000010100111101	UNKNOWN
orbit	7	000010101001111	UNKNOWN
orbit	7	000010101010111	UNKNOWN
orbit	7	000010101011011	UNKNOWN
orbit	7	000010101011101	UNKNOWN
orbit	7	000010101100111	UNKNOWN
orbit	7	000010101101011	UNKNOWN
orbit	7	000010101101101	UNKNOWN
orbit	7	000010101110011	UNKNOWN
orbit	7	000010101110101	UNKNOWN
orbit	7	000010110001111	NEGATIVE_CYCLE
orbit	7	000010110010111	UNKNOWN
orbit	7	000010110011011	UNKNOWN
orbit	7	000010110011101	UNKNOWN
orbit	7	000010110100111	UNKNOWN
orbit	7	000010110101011	UNKNOWN
orbit	7	000010110101101	UNKNOWN
orbit	7	000010110110011	UNKNOWN
orbit	7	000010111000111	NEGATIVE_CYCLE
orbit	7	000010111001011	UNKNOWN
orbit	7	000010111010011	UNKNOWN
orbit	7	000010111100011	NEGATIVE_CYCLE
orbit	7	000011000011111	NEGATIVE_CYCLE
orbit	7	000011000101111	NEGATIVE_CYCLE
orbit	7	000011000110111	NEGATIVE_CYCLE
orbit	7	000011000111011	NEGATIVE_CYCLE
orbit	7	000011001001111	NEGATIVE_CYCLE
orbit	7	000011001010111	UNKNOWN
orbit	7	000011001011011	UNKNOWN
orbit	7	000011001100111	NEGATIVE_CYCLE
orbit	7	000011001101011	UNKNOWN
orbit	7	000011001110011	NEGATIVE_CYCLE
orbit	7	000011010001111	NEGATIVE_CYCLE
orbit	7	000011010010111	UNKNOWN
orbit	7	000011010011011	UNKNOWN
orbit	7	000011010100111	UNKNOWN
orbit	7	000011010101011	UNKNOWN
orbit	7	000011011000111	NEGATIVE_CYCLE
orbit	7	000011100001111	NEGATIVE_CYCLE
orbit	7	000011100010111	NEGATIVE_CYCLE
orbit	7	000011100100111	NEGATIVE_CYCLE
orbit	7	000100010011111	NEGATIVE_CYCLE
orbit	7	000100010101111	NEGATIVE_CYCLE
orbit	7	000100010110111	NEGATIVE_CYCLE
orbit	7	000100010111011	NEGATIVE_CYCLE
orbit	7	000100010111101	NEGATIVE_CYCLE
orbit	7	000100011001111	NEGATIVE_CYCLE
orbit	7	000100011010111	NEGATIVE_CYCLE
orbit	7	000100011011011	NEGATIVE_CYCLE
orbit	7	000100011100111	NEGATIVE_CYCLE
orbit	7	000100100011111	NEGATIVE_CYCLE
orbit	7	000100100101111	UNKNOWN
orbit	7	000100100110111	UNKNOWN
orbit	7	000100100111011	UNKNOWN
orbit	7	000100100111101	UNKNOWN
orbit	7	000100101001111	UNKNOWN
orbit	7	000100101010111	UNKNOWN
orbit	7	000100101011011	UNKNOWN
orbit	7	000100101011101	UNKNOWN
orbit	7	000100101100111	UNKNOWN
orbit	7	000100101101011	UNKNOWN
orbit	7	000100101101101	UNKNOWN
orbit	7	000100101110011	UNKNOWN
orbit	7	000100101110101	UNKNOWN
orbit	7	000100101111001	UNKNOWN
orbit	7	000100110001111	NEGATIVE_CYCLE
orbit	7	000100110010111	UNKNOWN
orbit	7	000100110011011	UNKNOWN
orbit	7	000100110011101	UNKNOWN
orbit	7	000100110100111	UNKNOWN
orbit	7	000100110101011	UNKNOWN
orbit	7	000100110101101	UNKNOWN
orbit	7	000100110110011	UNKNOWN
orbit	7	000100110110101	UNKNOWN
orbit	7	000100110111001	UNKNOWN
orbit	7	000100111000111	NEGATIVE_CYCLE
orbit	7	000100111001011	UNKNOWN
orbit	7	000100111001101	UNKNOWN
orbit	7	000100111010011	UNKNOWN
orbit	7	000100111010101	UNKNOWN
orbit	7	000100111100011	NEGATIVE_CYCLE
orbit	7	000100111100101	UNKNOWN
orbit	7	000101000101111	UNKNOWN
orbit	7	000101000110111	UNKNOWN
orbit	7	000101001001111	UNKNOWN
orbit	7	000101001010111	UNKNOWN
orbit	7	000101001011011	UNKNOWN
orbit	7	000101001011101	UNKNOWN
orbit	7	000101001100111	UNKNOWN
orbit	7	000101001101011	UNKNOWN
orbit	7	000101001101101	UNKNOWN
orbit	7	000101001110011	UNKNOWN
orbit	7	000101001110101	UNKNOWN
orbit	7	000101010001111	UNKNOWN
orbit	7	000101010010111	UNKNOWN
orbit	7	000101010011011	UNKNOWN
orbit	7	000101010011101	UNKNOWN
orbit	7	000101010100111	UNKNOWN
orbit	7	000101010101011	UNKNOWN
orbit	7	000101010101101	UNKNOWN
orbit	7	000101010110011	UNKNOWN
orbit	7	000101010110101	UNKNOWN
orbit	7	000101011000111	UNKNOWN
orbit	7	000101011001011	UNKNOWN
orbit	7	000101011001101	UNKNOWN
orbit	7	000101011010011	UNKNOWN
orbit	7	000101011100011	UNKNOWN
orbit	7	000101100010111	UNKNOWN
orbit	7	000101100011011	UNKNOWN
orbit	7	000101100011101	UNKNOWN
orbit	7	000101100100111	UNKNOWN
orbit	7	000101100101011	UNKNOWN
orbit	7	000101100101101	UNKNOWN
orbit	7	000101100110011	UNKNOWN
orbit	7	000101101000111	UNKNOWN
orbit	7	000101101001011	UNKNOWN
orbit	7	000101101010011	UNKNOWN
orbit	7	000101101100011	UNKNOWN
orbit	7	000101110010011	UNKNOWN
orbit	7	000101110100011	UNKNOWN
orbit	7	000110001100111	NEGATIVE_CYCLE
orbit	7	000110001101011	UNKNOWN
orbit	7	000110010010111	UNKNOWN
orbit	7	000110010011011	UNKNOWN
orbit	7	000110010100111	UNKNOWN
orbit	7	000110010101011	UNKNOWN
orbit	7	000110010110011	UNKNOWN
orbit	7	000110011000111	NEGATIVE_CYCLE
orbit	7	000110011001011	UNKNOWN
orbit	7	000110100100111	UNKNOWN
orbit	7	000110100101011	UNKNOWN
orbit	7	001001001001111	UNKNOWN
orbit	7	001001001010111	UNKNOWN
orbit	7	001001001011011	UNKNOWN
orbit	7	001001001011101	UNKNOWN
orbit	7	001001001100111	UNKNOWN
orbit	7	001001001101011	UNKNOWN
orbit	7	001001010010111	UNKNOWN
orbit	7	001001010011011	UNKNOWN
orbit	7	001001010011101	UNKNOWN
orbit	7	001001010100111	UNKNOWN
orbit	7	001001010101011	UNKNOWN
orbit	7	001001010101101	UNKNOWN
orbit	7	001001010110011	UNKNOWN
orbit	7	001001010110101	UNKNOWN
orbit	7	001001011001011	UNKNOWN
orbit	7	001001011001101	UNKNOWN
orbit	7	001001011010011	UNKNOWN
orbit	7	001001100100111	UNKNOWN
orbit	7	001001100101011	UNKNOWN
orbit	7	001001100110011	UNKNOWN
orbit	7	001001101001011	UNKNOWN
orbit	7	001010010100111	UNKNOWN
orbit	7	001010010101011	UNKNOWN
orbit	7	001010010101101	UNKNOWN
orbit	7	001010010110011	UNKNOWN
orbit	7	001010011001011	UNKNOWN
orbit	7	001010100101011	UNKNOWN
orbit	7	001010100101101	UNKNOWN
orbit	7	001010100110011	UNKNOWN
orbit	7	001010101001011	UNKNOWN
orbit	7	001010101010011	UNKNOWN
orbit	7	001010101010101	UNKNOWN
inner=7 outer=8 total=232 analytic=0 graph=96 UNKNOWN=136
orbit	8	000000011111111	NEGATIVE_CYCLE
orbit	8	000000101111111	NEGATIVE_CYCLE
orbit	8	000000110111111	NEGATIVE_CYCLE
orbit	8	000000111011111	NEGATIVE_CYCLE
orbit	8	000000111101111	NEGATIVE_CYCLE
orbit	8	000001001111111	NEGATIVE_CYCLE
orbit	8	000001010111111	NEGATIVE_CYCLE
orbit	8	000001011011111	NEGATIVE_CYCLE
orbit	8	000001011101111	NEGATIVE_CYCLE
orbit	8	000001011110111	NEGATIVE_CYCLE
orbit	8	000001011111011	NEGATIVE_CYCLE
orbit	8	000001011111101	NEGATIVE_CYCLE
orbit	8	000001100111111	NEGATIVE_CYCLE
orbit	8	000001101011111	NEGATIVE_CYCLE
orbit	8	000001101101111	NEGATIVE_CYCLE
orbit	8	000001101110111	NEGATIVE_CYCLE
orbit	8	000001101111011	NEGATIVE_CYCLE
orbit	8	000001110011111	NEGATIVE_CYCLE
orbit	8	000001110101111	NEGATIVE_CYCLE
orbit	8	000001110110111	NEGATIVE_CYCLE
orbit	8	000001111001111	NEGATIVE_CYCLE
orbit	8	000010001111111	NEGATIVE_CYCLE
orbit	8	000010010111111	NEGATIVE_CYCLE
orbit	8	000010011011111	NEGATIVE_CYCLE
orbit	8	000010011101111	NEGATIVE_CYCLE
orbit	8	000010011110111	NEGATIVE_CYCLE
orbit	8	000010011111011	NEGATIVE_CYCLE
orbit	8	000010011111101	NEGATIVE_CYCLE
orbit	8	000010100111111	NEGATIVE_CYCLE
orbit	8	000010101011111	NEGATIVE_CYCLE
orbit	8	000010101101111	NEGATIVE_CYCLE
orbit	8	000010101110111	NEGATIVE_CYCLE
orbit	8	000010101111011	NEGATIVE_CYCLE
orbit	8	000010101111101	NEGATIVE_CYCLE
orbit	8	000010110011111	NEGATIVE_CYCLE
orbit	8	000010110101111	NEGATIVE_CYCLE
orbit	8	000010110110111	NEGATIVE_CYCLE
orbit	8	000010110111011	NEGATIVE_CYCLE
orbit	8	000010110111101	NEGATIVE_CYCLE
orbit	8	000010111001111	NEGATIVE_CYCLE
orbit	8	000010111010111	NEGATIVE_CYCLE
orbit	8	000010111011011	NEGATIVE_CYCLE
orbit	8	000010111011101	NEGATIVE_CYCLE
orbit	8	000010111100111	NEGATIVE_CYCLE
orbit	8	000010111101011	NEGATIVE_CYCLE
orbit	8	000010111110011	NEGATIVE_CYCLE
orbit	8	000011000111111	NEGATIVE_CYCLE
orbit	8	000011001011111	NEGATIVE_CYCLE
orbit	8	000011001101111	NEGATIVE_CYCLE
orbit	8	000011001110111	NEGATIVE_CYCLE
orbit	8	000011001111011	NEGATIVE_CYCLE
orbit	8	000011010011111	NEGATIVE_CYCLE
orbit	8	000011010101111	NEGATIVE_CYCLE
orbit	8	000011010110111	NEGATIVE_CYCLE
orbit	8	000011010111011	NEGATIVE_CYCLE
orbit	8	000011011001111	NEGATIVE_CYCLE
orbit	8	000011011010111	NEGATIVE_CYCLE
orbit	8	000011011011011	NEGATIVE_CYCLE
orbit	8	000011011100111	NEGATIVE_CYCLE
orbit	8	000011100011111	NEGATIVE_CYCLE
orbit	8	000011100101111	NEGATIVE_CYCLE
orbit	8	000011100110111	NEGATIVE_CYCLE
orbit	8	000011101001111	NEGATIVE_CYCLE
orbit	8	000011101010111	NEGATIVE_CYCLE
orbit	8	000011110001111	NEGATIVE_CYCLE
orbit	8	000100010111111	NEGATIVE_CYCLE
orbit	8	000100011011111	NEGATIVE_CYCLE
orbit	8	000100011101111	NEGATIVE_CYCLE
orbit	8	000100100111111	NEGATIVE_CYCLE
orbit	8	000100101011111	NEGATIVE_CYCLE
orbit	8	000100101101111	NEGATIVE_CYCLE
orbit	8	000100101110111	NEGATIVE_CYCLE
orbit	8	000100101111011	NEGATIVE_CYCLE
orbit	8	000100101111101	NEGATIVE_CYCLE
orbit	8	000100110011111	NEGATIVE_CYCLE
orbit	8	000100110101111	NEGATIVE_CYCLE
orbit	8	000100110110111	NEGATIVE_CYCLE
orbit	8	000100110111011	NEGATIVE_CYCLE
orbit	8	000100110111101	NEGATIVE_CYCLE
orbit	8	000100111001111	NEGATIVE_CYCLE
orbit	8	000100111010111	NEGATIVE_CYCLE
orbit	8	000100111011011	NEGATIVE_CYCLE
orbit	8	000100111011101	NEGATIVE_CYCLE
orbit	8	000100111100111	NEGATIVE_CYCLE
orbit	8	000100111101011	NEGATIVE_CYCLE
orbit	8	000100111101101	NEGATIVE_CYCLE
orbit	8	000100111110011	NEGATIVE_CYCLE
orbit	8	000100111110101	NEGATIVE_CYCLE
orbit	8	000100111111001	NEGATIVE_CYCLE
orbit	8	000101000111111	NEGATIVE_CYCLE
orbit	8	000101001011111	NEGATIVE_CYCLE
orbit	8	000101001101111	NEGATIVE_CYCLE
orbit	8	000101001110111	NEGATIVE_CYCLE
orbit	8	000101001111011	NEGATIVE_CYCLE
orbit	8	000101001111101	NEGATIVE_CYCLE
orbit	8	000101010011111	NEGATIVE_CYCLE
orbit	8	000101010101111	NEGATIVE_CYCLE
orbit	8	000101010110111	NEGATIVE_CYCLE
orbit	8	000101010111011	NEGATIVE_CYCLE
orbit	8	000101010111101	NEGATIVE_CYCLE
orbit	8	000101011001111	NEGATIVE_CYCLE
orbit	8	000101011010111	NEGATIVE_CYCLE
orbit	8	000101011011011	NEGATIVE_CYCLE
orbit	8	000101011011101	NEGATIVE_CYCLE
orbit	8	000101011100111	NEGATIVE_CYCLE
orbit	8	000101011101011	NEGATIVE_CYCLE
orbit	8	000101011101101	NEGATIVE_CYCLE
orbit	8	000101011110011	NEGATIVE_CYCLE
orbit	8	000101011110101	NEGATIVE_CYCLE
orbit	8	000101100011111	NEGATIVE_CYCLE
orbit	8	000101100101111	NEGATIVE_CYCLE
orbit	8	000101100110111	NEGATIVE_CYCLE
orbit	8	000101100111011	NEGATIVE_CYCLE
orbit	8	000101100111101	NEGATIVE_CYCLE
orbit	8	000101101001111	NEGATIVE_CYCLE
orbit	8	000101101010111	NEGATIVE_CYCLE
orbit	8	000101101011011	NEGATIVE_CYCLE
orbit	8	000101101011101	NEGATIVE_CYCLE
orbit	8	000101101100111	NEGATIVE_CYCLE
orbit	8	000101101101011	NEGATIVE_CYCLE
orbit	8	000101101101101	NEGATIVE_CYCLE
orbit	8	000101101110011	NEGATIVE_CYCLE
orbit	8	000101110001111	NEGATIVE_CYCLE
orbit	8	000101110010111	NEGATIVE_CYCLE
orbit	8	000101110011011	NEGATIVE_CYCLE
orbit	8	000101110011101	NEGATIVE_CYCLE
orbit	8	000101110100111	NEGATIVE_CYCLE
orbit	8	000101110101011	NEGATIVE_CYCLE
orbit	8	000101110110011	NEGATIVE_CYCLE
orbit	8	000101111000111	NEGATIVE_CYCLE
orbit	8	000101111001011	NEGATIVE_CYCLE
orbit	8	000101111010011	NEGATIVE_CYCLE
orbit	8	000101111100011	NEGATIVE_CYCLE
orbit	8	000110001101111	NEGATIVE_CYCLE
orbit	8	000110001110111	NEGATIVE_CYCLE
orbit	8	000110010011111	NEGATIVE_CYCLE
orbit	8	000110010101111	NEGATIVE_CYCLE
orbit	8	000110010110111	NEGATIVE_CYCLE
orbit	8	000110010111011	NEGATIVE_CYCLE
orbit	8	000110011001111	NEGATIVE_CYCLE
orbit	8	000110011010111	NEGATIVE_CYCLE
orbit	8	000110011011011	NEGATIVE_CYCLE
orbit	8	000110011100111	NEGATIVE_CYCLE
orbit	8	000110011101011	NEGATIVE_CYCLE
orbit	8	000110011110011	NEGATIVE_CYCLE
orbit	8	000110100101111	NEGATIVE_CYCLE
orbit	8	000110100110111	NEGATIVE_CYCLE
orbit	8	000110100111011	NEGATIVE_CYCLE
orbit	8	000110101001111	NEGATIVE_CYCLE
orbit	8	000110101010111	NEGATIVE_CYCLE
orbit	8	000110101011011	NEGATIVE_CYCLE
orbit	8	000110101100111	NEGATIVE_CYCLE
orbit	8	000110101101011	NEGATIVE_CYCLE
orbit	8	000110110001111	NEGATIVE_CYCLE
orbit	8	000110110010111	NEGATIVE_CYCLE
orbit	8	000110110011011	NEGATIVE_CYCLE
orbit	8	000110110100111	NEGATIVE_CYCLE
orbit	8	000110111000111	NEGATIVE_CYCLE
orbit	8	000111001001111	NEGATIVE_CYCLE
orbit	8	000111001010111	NEGATIVE_CYCLE
orbit	8	000111001100111	NEGATIVE_CYCLE
orbit	8	000111010010111	NEGATIVE_CYCLE
orbit	8	001001001011111	NEGATIVE_CYCLE
orbit	8	001001001101111	NEGATIVE_CYCLE
orbit	8	001001001110111	NEGATIVE_CYCLE
orbit	8	001001010011111	UNKNOWN
orbit	8	001001010101111	UNKNOWN
orbit	8	001001010110111	UNKNOWN
orbit	8	001001010111011	UNKNOWN
orbit	8	001001010111101	UNKNOWN
orbit	8	001001011001111	UNKNOWN
orbit	8	001001011010111	UNKNOWN
orbit	8	001001011011011	UNKNOWN
orbit	8	001001011011101	UNKNOWN
orbit	8	001001011100111	UNKNOWN
orbit	8	001001011101011	UNKNOWN
orbit	8	001001011110011	UNKNOWN
orbit	8	001001100101111	UNKNOWN
orbit	8	001001100110111	UNKNOWN
orbit	8	001001100111011	UNKNOWN
orbit	8	001001101001111	UNKNOWN
orbit	8	001001101010111	UNKNOWN
orbit	8	001001101011011	UNKNOWN
orbit	8	001001101100111	UNKNOWN
orbit	8	001001110010111	UNKNOWN
orbit	8	001010010101111	UNKNOWN
orbit	8	001010010110111	UNKNOWN
orbit	8	001010010111011	UNKNOWN
orbit	8	001010010111101	UNKNOWN
orbit	8	001010011001111	UNKNOWN
orbit	8	001010011010111	UNKNOWN
orbit	8	001010011011011	UNKNOWN
orbit	8	001010011100111	UNKNOWN
orbit	8	001010100101111	UNKNOWN
orbit	8	001010100110111	UNKNOWN
orbit	8	001010101001111	UNKNOWN
orbit	8	001010101010111	UNKNOWN
orbit	8	001010101011011	UNKNOWN
orbit	8	001010101011101	UNKNOWN
orbit	8	001010101100111	UNKNOWN
orbit	8	001010101101011	UNKNOWN
orbit	8	001010101101101	UNKNOWN
orbit	8	001010101110011	UNKNOWN
orbit	8	001010101110101	UNKNOWN
orbit	8	001010110010111	UNKNOWN
orbit	8	001010110011011	UNKNOWN
orbit	8	001010110011101	UNKNOWN
orbit	8	001010110100111	UNKNOWN
orbit	8	001010110101011	UNKNOWN
orbit	8	001010110101101	UNKNOWN
orbit	8	001010110110011	UNKNOWN
orbit	8	001010110110101	UNKNOWN
orbit	8	001010111001011	UNKNOWN
orbit	8	001010111001101	UNKNOWN
orbit	8	001010111010011	UNKNOWN
orbit	8	001011001011011	UNKNOWN
orbit	8	001011001011101	UNKNOWN
orbit	8	001011001100111	UNKNOWN
orbit	8	001011001101011	UNKNOWN
orbit	8	001011001101101	UNKNOWN
orbit	8	001011001110011	UNKNOWN
orbit	8	001011010010111	UNKNOWN
orbit	8	001011010011011	UNKNOWN
orbit	8	001011010101011	UNKNOWN
orbit	8	001011010101101	UNKNOWN
orbit	8	001011010110011	UNKNOWN
orbit	8	001011011010011	UNKNOWN
orbit	8	001011100110011	UNKNOWN
orbit	8	001100110011011	UNKNOWN
orbit	8	001100110101011	UNKNOWN
orbit	8	001101010101011	UNKNOWN
orbit	8	010101010101011	UNKNOWN
inner=8 outer=7 total=232 analytic=0 graph=165 UNKNOWN=67
TOTAL 760 = analytic 0 + graph 382 + UNKNOWN 378
